{"count":1,"self":564.10229759999993,"total":589.76971819999994,"children":{"InitializeActuators":{"count":1,"self":0.0020036999999999998,"total":0.0020036999999999998,"children":null},"InitializeSensors":{"count":1,"self":0.0030009,"total":0.0030009,"children":null},"AgentSendState":{"count":234301,"self":1.9331885999999998,"total":2.3738471999999997,"children":{"CollectObservations":{"count":290,"self":0.0029942999999999997,"total":0.0029942999999999997,"children":null},"WriteActionMask":{"count":290,"self":0.0050295,"total":0.0050295,"children":null},"RequestDecision":{"count":290,"self":0.0718769,"total":0.4326348,"children":{"AgentInfo.ToProto":{"count":290,"self":0.0080132,"total":0.36075789999999996,"children":{"GenerateSensorData":{"count":290,"self":0.35274469999999997,"total":0.35274469999999997,"children":null}}}}}}},"DecideAction":{"count":234301,"self":21.5763376,"total":21.576337,"children":null},"AgentAct":{"count":234301,"self":1.6822431999999998,"total":1.6822431999999998,"children":null},"AgentInfo.ToProto":{"count":3,"self":0,"total":0.0030034,"children":{"GenerateSensorData":{"count":3,"self":0.0030034,"total":0.0030034,"children":null}}}},"gauges":{"ResourceAgent.CumulativeReward":{"count":3,"max":40.1376076,"min":21.4490871,"runningAverage":31.0423965,"value":31.5404987,"weightedAverage":27.476038}},"metadata":{"timer_format_version":"0.1.0","start_time_seconds":"1676656922","unity_version":"2021.1.22f1","command_line_arguments":"E:\\Georg HDD Backup\\Unity\\Editors\\2021.1.22f1\\Editor\\Unity.exe -projectpath E:\/Georg HDD Backup\/Level 6\/Thesis\/Projects\/ThesisProject\/GeorgGrech_ThesisProject -useHub -hubIPC -cloudEnvironment production -hubSessionId 3783a220-aee9-11ed-ba37-69f693d5ef20 -accessToken xaT3re_qUwL-NkA3A8HBKDobkA8DG9E0hPSPTURZ4Ec006f","communication_protocol_version":"1.5.0","com.unity.ml-agents_version":"2.2.1-exp.1","scene_name":"AgentTraining","end_time_seconds":"1676657510"}}