{"count":1,"self":123.68540159999999,"total":123.97247259999999,"children":{"InitializeActuators":{"count":1,"self":0.0029844999999999997,"total":0.0029844999999999997,"children":null},"InitializeSensors":{"count":1,"self":0.0030023,"total":0.0030023,"children":null},"AgentSendState":{"count":5662,"self":0.024995999999999997,"total":0.0330142,"children":{"CollectObservations":{"count":22,"self":0.0009933,"total":0.0009933,"children":null},"WriteActionMask":{"count":22,"self":0.0020061,"total":0.0020061,"children":null},"RequestDecision":{"count":22,"self":0.0050187999999999995,"total":0.0050187999999999995,"children":null}}},"DecideAction":{"count":5662,"self":0.19908089999999998,"total":0.19908089999999998,"children":null},"AgentAct":{"count":5662,"self":0.046983899999999995,"total":0.046983899999999995,"children":null}},"gauges":{},"metadata":{"timer_format_version":"0.1.0","start_time_seconds":"1676920716","unity_version":"2021.1.22f1","command_line_arguments":"E:\\Georg HDD Backup\\Unity\\Editors\\2021.1.22f1\\Editor\\Unity.exe -projectpath E:\/Georg HDD Backup\/Level 6\/Thesis\/Projects\/ThesisProject\/GeorgGrech_ThesisProject -useHub -hubIPC -cloudEnvironment production -hubSessionId fd016850-b13e-11ed-974d-a74537343fdb -accessToken VdRu4dEmk4NHk90V2BSEHwANCzExC62DPt-P4LhGPSU006f","communication_protocol_version":"1.5.0","com.unity.ml-agents_version":"2.2.1-exp.1","scene_name":"AgentEvaluation","end_time_seconds":"1676920839"}}