{"count":1,"self":1891.8586367999999,"total":1917.1371113999999,"children":{"InitializeActuators":{"count":1,"self":0.0050006999999999994,"total":0.0050006999999999994,"children":null},"InitializeSensors":{"count":1,"self":0.0040005,"total":0.0040005,"children":null},"AgentSendState":{"count":526601,"self":2.9697952,"total":3.4275414,"children":{"CollectObservations":{"count":463,"self":0.0080375999999999989,"total":0.0080375999999999989,"children":null},"WriteActionMask":{"count":463,"self":0.0070084,"total":0.0070084,"children":null},"RequestDecision":{"count":463,"self":0.0259894,"total":0.4427003,"children":{"AgentInfo.ToProto":{"count":463,"self":0.0079795,"total":0.4167109,"children":{"GenerateSensorData":{"count":463,"self":0.40873139999999997,"total":0.40873139999999997,"children":null}}}}}}},"DecideAction":{"count":526601,"self":19.350060799999998,"total":19.350061,"children":null},"AgentAct":{"count":526601,"self":2.4899253999999997,"total":2.4899253999999997,"children":null},"AgentInfo.ToProto":{"count":2,"self":0.000997,"total":0.0019952,"children":{"GenerateSensorData":{"count":2,"self":0.00099819999999999987,"total":0.00099819999999999987,"children":null}}}},"gauges":{"ResourceAgent.CumulativeReward":{"count":2,"max":18.8231926,"min":-52.04471,"runningAverage":-16.6107578,"value":18.8231926,"weightedAverage":-34.3277321}},"metadata":{"timer_format_version":"0.1.0","start_time_seconds":"1675947632","unity_version":"2021.1.22f1","command_line_arguments":"E:\\Georg HDD Backup\\Unity\\Editors\\2021.1.22f1\\Editor\\Unity.exe -projectpath E:\/Georg HDD Backup\/Level 6\/Thesis\/Projects\/ThesisProject\/GeorgGrech_ThesisProject -useHub -hubIPC -cloudEnvironment production -hubSessionId cef48770-a852-11ed-913d-ff9c9c91c37c -accessToken sqIrZWAKm8X1D6XsO9nyK7sDkHwX1ruoaS-hU7Z99MY006f","communication_protocol_version":"1.5.0","com.unity.ml-agents_version":"2.2.1-exp.1","scene_name":"PlayerLevel","end_time_seconds":"1675949550"}}