ModelNumber,ModelName,Round1Score,Round2Score,Round3Score,AvgScore
0,ResourceAgent-1-1466,325,415,295,345,
1,ResourceAgent-2-4462,330,325,370,341.666666666667,
2,ResourceAgent-3-10490,320,430,380,376.666666666667,
3,ResourceAgent-4-17960,310,405,305,340,