ModelNumber,ModelName,Round1Score,Round2Score,Round3Score,AvgScore
0,ResourceAgent-10090,410,405,325,380,
1,ResourceAgent-3982,355,385,335,358.333333333333,
2,ResourceAgent-5993,365,340,410,371.666666666667,
3,ResourceAgent-8000,340,270,390,333.333333333333,